Time (s), Binding (nm)
0, 0, Step 1
0.2, 0.00252586
0.4, 0.00163728
0.6, 0.00198251
0.8, 0.00129288
1, 0.00209905
1.2, 0.00172424
1.4, 0.00208052
1.6, 0.00246357
1.8, 0.00291941
2, 0.00279378
2.2, 0.00428822
2.4, 0.00470484
2.6, 0.00355174
2.8, 0.00439599
3, 0.00418272
3.2, 0.00246707
3.4, 0.00177934
3.6, 0.00298078
3.8, 0.00299141
4, 0.00297657
4.2, 0.00240838
4.4, 0.00234732
4.6, 0.00170357
4.8, 0.000480766
5, 0.000280924
5.2, 0.000983406
5.4, 0.00126164
5.6, 0.00139551
5.8, 0.0020009
6, 0.0015223
6.2, 0.000939922
6.4, 0.000151647
6.6, 5.56316e-005
6.8, 0.00148358
7, 0.00138812
7.2, 0.00189375
7.4, 0.00290264
7.6, 0.00227286
7.8, 0.000209572
8, 0.00134947
8.2, 0.000302601
8.4, 0.000492204
8.6, 0.000797467
8.8, 0.00128774
9, -0.000576309
9.2, -0.000135928
9.4, -0.00112647
9.6, -0.00101781
9.8, -0.0011123
10, -0.00114804
10.2, -0.000838968
10.4, -0.00137898
10.6, -0.00134582
10.8, -0.00180514
11, -0.00132104
11.2, -0.00155693
11.4, -0.000652668
11.6, -0.00101047
11.8, -0.000963064
12, -0.00123543
12.2, -0.0011845
12.4, -0.00170574
12.6, -0.00224822
12.8, -0.00270685
13, -0.00291693
13.2, -0.00308798
13.4, -0.00320036
13.6, -0.00345619
13.8, -0.00260968
14, -0.00248002
14.2, -0.0021226
14.4, -0.00215362
14.6, -0.00115758
14.8, -0.000693114
15, -0.000373307
15.2, -0.000687773
15.4, -0.000339711
15.6, -0.000888751
15.8, -0.00237424
16, -0.00294606
16.2, -0.00275558
16.4, -0.00274157
16.6, -0.00232091
16.8, -0.00225095
17, -0.00275183
17.2, -0.00302359
17.4, -0.0030207
17.6, -0.00400512
17.8, -0.00373135
18, -0.00302768
18.2, -0.00373395
18.4, -0.0041525
18.6, -0.00381083
18.8, -0.004936
19, -0.00468151
19.2, -0.00474192
19.4, -0.00487367
19.6, -0.00443535
19.8, -0.004201
20, -0.00460348
20.2, -0.00412715
20.4, -0.00433553
20.6, -0.00422269
20.8, -0.00345822
21, -0.00475901
21.2, -0.00606876
21.4, -0.00474923
21.6, -0.00581829
21.8, -0.00581412
22, -0.00526363
22.2, -0.00483203
22.4, -0.00572521
22.6, -0.00471123
22.8, -0.00525106
23, -0.00529928
23.2, -0.00511541
23.4, -0.0053459
23.6, -0.00644059
23.8, -0.00611763
24, -0.00554499
24.2, -0.00571293
24.4, -0.00584994
24.6, -0.00574194
24.8, -0.00514411
25, -0.00564332
25.2, -0.00541682
25.4, -0.00513858
25.6, -0.00408834
25.8, -0.00676793
26, -0.00617378
26.2, -0.00653575
26.4, -0.00627236
26.6, -0.0069968
26.8, -0.00549372
27, -0.00588254
27.2, -0.00554571
27.4, -0.00656775
27.6, -0.00645742
27.8, -0.00682601
28, -0.00711943
28.2, -0.00674011
28.4, -0.00593343
28.6, -0.0060633
28.8, -0.005576
29, -0.00627681
29.2, -0.00661093
29.4, -0.0067232
29.6, -0.00666879
29.8, -0.00687785
30, 0.107355, Step 2
30.2, 0.0941053
30.4, 0.0944346
30.6, 0.0854332
30.8, 0.0852968
31, 0.0825725
31.2, 0.083397
31.4, 0.085749
31.6, 0.0900173
31.8, 0.0922053
32, 0.0930409
32.2, 0.0952363
32.4, 0.0965106
32.6, 0.0971966
32.8, 0.0988671
33, 0.101288
33.2, 0.102655
33.4, 0.102997
33.6, 0.104147
33.8, 0.106753
34, 0.108593
34.2, 0.109737
34.4, 0.113259
34.6, 0.114619
34.8, 0.114655
35, 0.115585
35.2, 0.117725
35.4, 0.11731
35.6, 0.11953
35.8, 0.122193
36, 0.122977
36.2, 0.124604
36.4, 0.126324
36.6, 0.127143
36.8, 0.128475
37, 0.130858
37.2, 0.13266
37.4, 0.133193
37.6, 0.13563
37.8, 0.135284
38, 0.136887
38.2, 0.137053
38.4, 0.138242
38.6, 0.139464
38.8, 0.141774
39, 0.142545
39.2, 0.145541
39.4, 0.148487
39.6, 0.148343
39.8, 0.149537
40, 0.151622
40.2, 0.152387
40.4, 0.153488
40.6, 0.157028
40.8, 0.159077
41, 0.160333
41.2, 0.161241
41.4, 0.162444
41.6, 0.162777
41.8, 0.165386
42, 0.166653
42.2, 0.169202
42.4, 0.170461
42.6, 0.172796
42.8, 0.173357
43, 0.175441
43.2, 0.177467
43.4, 0.178566
43.6, 0.180571
43.8, 0.182223
44, 0.183509
44.2, 0.184493
44.4, 0.187017
44.6, 0.18717
44.8, 0.188306
45, 0.191386
45.2, 0.192599
45.4, 0.194057
45.6, 0.195704
45.8, 0.197489
46, 0.197673
46.2, 0.198632
46.4, 0.199469
46.6, 0.201751
46.8, 0.202916
47, 0.203996
47.2, 0.205868
47.4, 0.208721
47.6, 0.209545
47.8, 0.211625
48, 0.2129
48.2, 0.214481
48.4, 0.21547
48.6, 0.217395
48.8, 0.219547
49, 0.221217
49.2, 0.222906
49.4, 0.224725
49.6, 0.226106
49.8, 0.227755
50, 0.23089
50.2, 0.231617
50.4, 0.233505
50.6, 0.234481
50.8, 0.235923
51, 0.236799
51.2, 0.239663
51.4, 0.241304
51.6, 0.24379
51.8, 0.244918
52, 0.245612
52.2, 0.246355
52.4, 0.24774
52.6, 0.247893
52.8, 0.251055
53, 0.25378
53.2, 0.255892
53.4, 0.258401
53.6, 0.26169
53.8, 0.260981
54, 0.26142
54.2, 0.262007
54.4, 0.263453
54.6, 0.264667
54.8, 0.2677
55, 0.269884
55.2, 0.271675
55.4, 0.272973
55.6, 0.273669
55.8, 0.275543
56, 0.278169
56.2, 0.281057
56.4, 0.282259
56.6, 0.285371
56.8, 0.285898
57, 0.287188
57.2, 0.287736
57.4, 0.289707
57.6, 0.290801
57.8, 0.291861
58, 0.292743
58.2, 0.295319
58.4, 0.297587
58.6, 0.298669
58.8, 0.301078
59, 0.30346
59.2, 0.304902
59.4, 0.305517
59.6, 0.308722
59.8, 0.309281
60, 0.30967
60.2, 0.310264
60.4, 0.311027
60.6, 0.312814
60.8, 0.314417
61, 0.31646
61.2, 0.318106
61.4, 0.320759
61.6, 0.320547
61.8, 0.323057
62, 0.325431
62.2, 0.326916
62.4, 0.328858
62.6, 0.330627
62.8, 0.333119
63, 0.33386
63.2, 0.335578
63.4, 0.337571
63.6, 0.340381
63.8, 0.342052
64, 0.343915
64.2, 0.346086
64.4, 0.346617
64.6, 0.347599
64.8, 0.349093
65, 0.350085
65.2, 0.352584
65.4, 0.354122
65.6, 0.354614
65.8, 0.355596
66, 0.358052
66.2, 0.35909
66.4, 0.360749
66.6, 0.363977
66.8, 0.366169
67, 0.36682
67.2, 0.368574
67.4, 0.371214
67.6, 0.372006
67.8, 0.373139
68, 0.375171
68.2, 0.375965
68.4, 0.3767
68.6, 0.377569
68.8, 0.379157
69, 0.381061
69.2, 0.382585
69.4, 0.38433
69.6, 0.386541
69.8, 0.388398
70, 0.389072
70.2, 0.392024
70.4, 0.394585
70.6, 0.397168
70.8, 0.397217
71, 0.40074
71.2, 0.402187
71.4, 0.40243
71.6, 0.404344
71.8, 0.406935
72, 0.408788
72.2, 0.41028
72.4, 0.411865
72.6, 0.41321
72.8, 0.415446
73, 0.415602
73.2, 0.416311
73.4, 0.418672
73.6, 0.420097
73.8, 0.420561
74, 0.423321
74.2, 0.426658
74.4, 0.427402
74.6, 0.428889
74.8, 0.431348
75, 0.432309
75.2, 0.433201
75.4, 0.434879
75.6, 0.436505
75.8, 0.437557
76, 0.439555
76.2, 0.440835
76.4, 0.443926
76.6, 0.446174
76.8, 0.447673
77, 0.448976
77.2, 0.449508
77.4, 0.449321
77.6, 0.450085
77.8, 0.452878
78, 0.454239
78.2, 0.457273
78.4, 0.458767
78.6, 0.460867
78.8, 0.461256
79, 0.462884
79.2, 0.46382
79.4, 0.46645
79.6, 0.467644
79.8, 0.47112
80, 0.472607
80.2, 0.474192
80.4, 0.474567
80.6, 0.475759
80.8, 0.476132
81, 0.478009
81.2, 0.479127
81.4, 0.482245
81.6, 0.484839
81.8, 0.485815
82, 0.486755
82.2, 0.490169
82.4, 0.490811
82.6, 0.491002
82.8, 0.492503
83, 0.494331
83.2, 0.494741
83.4, 0.497195
83.6, 0.49861
83.8, 0.500641
84, 0.502886
84.2, 0.504804
84.4, 0.505402
84.6, 0.507481
84.8, 0.509677
85, 0.510589
85.2, 0.511217
85.4, 0.512631
85.6, 0.514211
85.8, 0.51413
86, 0.516288
86.2, 0.517338
86.4, 0.51977
86.6, 0.520529
86.8, 0.522939
87, 0.52334
87.2, 0.524556
87.4, 0.526062
87.6, 0.529395
87.8, 0.530761
88, 0.532662
88.2, 0.535362
88.4, 0.537823
88.6, 0.538128
88.8, 0.540034
89, 0.541621
89.2, 0.542967
89.4, 0.544429
89.6, 0.547069
89.8, 0.549293
90, 0.550583
90.2, 0.551068
90.4, 0.551774
90.6, 0.553583
90.8, 0.553827
91, 0.556726
91.2, 0.558568
91.4, 0.560639
91.6, 0.560874
91.8, 0.562363
92, 0.562321
92.2, 0.566306
92.4, 0.567721
92.6, 0.568704
92.8, 0.571478
93, 0.573666
93.2, 0.573055
93.4, 0.574597
93.6, 0.578001
93.8, 0.57895
94, 0.581017
94.2, 0.583165
94.4, 0.583798
94.6, 0.583887
94.8, 0.585581
95, 0.586457
95.2, 0.587394
95.4, 0.589214
95.6, 0.591862
95.8, 0.592646
96, 0.594419
96.2, 0.597419
96.4, 0.59986
96.6, 0.601177
96.8, 0.603143
97, 0.605837
97.2, 0.606896
97.4, 0.607723
97.6, 0.609451
97.8, 0.61111
98, 0.611799
98.2, 0.613168
98.4, 0.615147
98.6, 0.616673
98.8, 0.618353
99, 0.620682
99.2, 0.621699
99.4, 0.621496
99.6, 0.623004
99.8, 0.624169
100, 0.625786
100.2, 0.627175
100.4, 0.629678
100.6, 0.631211
100.8, 0.631712
101, 0.63304
101.2, 0.633992
101.4, 0.636
101.6, 0.637453
101.8, 0.640661
102, 0.641313
102.2, 0.643856
102.4, 0.645132
102.6, 0.646542
102.8, 0.645768
103, 0.647767
103.2, 0.649111
103.4, 0.65034
103.6, 0.652972
103.8, 0.655454
104, 0.656383
104.2, 0.657566
104.4, 0.660738
104.6, 0.661015
104.8, 0.662797
105, 0.66472
105.2, 0.665779
105.4, 0.665226
105.6, 0.667571
105.8, 0.668852
106, 0.671562
106.2, 0.673661
106.4, 0.677077
106.6, 0.67831
106.8, 0.679773
107, 0.680226
107.2, 0.681998
107.4, 0.68171
107.6, 0.682602
107.8, 0.684413
108, 0.686278
108.2, 0.686423
108.4, 0.688413
108.6, 0.691297
108.8, 0.692473
109, 0.693137
109.2, 0.696328
109.4, 0.697373
109.6, 0.697494
109.8, 0.699569
110, 0.701035
110.2, 0.702021
110.4, 0.70489
110.6, 0.70644
110.8, 0.708051
111, 0.709828
111.2, 0.711242
111.4, 0.711891
111.6, 0.712265
111.8, 0.713661
112, 0.716245
112.2, 0.71651
112.4, 0.717049
112.6, 0.721006
112.8, 0.722606
113, 0.72314
113.2, 0.726779
113.4, 0.729401
113.6, 0.73003
113.8, 0.731177
114, 0.73292
114.2, 0.733215
114.4, 0.734849
114.6, 0.737137
114.8, 0.738544
115, 0.738608
115.2, 0.74104
115.4, 0.742308
115.6, 0.741687
115.8, 0.743939
116, 0.747205
116.2, 0.747968
116.4, 0.747769
116.6, 0.749736
116.8, 0.750467
117, 0.752072
117.2, 0.752694
117.4, 0.755611
117.6, 0.757793
117.8, 0.760108
118, 0.761774
118.2, 0.764697
118.4, 0.765994
118.6, 0.766487
118.8, 0.768328
119, 0.766778
119.2, 0.768442
119.4, 0.770351
119.6, 0.772081
119.8, 0.77153
120, 0.774074
120.2, 0.774845
120.4, 0.775793
120.6, 0.777291
120.8, 0.780319
121, 0.782451
121.2, 0.78369
121.4, 0.786124
121.6, 0.78875
121.8, 0.789868
122, 0.792365
122.2, 0.794311
122.4, 0.794828
122.6, 0.794548
122.8, 0.79699
123, 0.797234
123.2, 0.79833
123.4, 0.800054
123.6, 0.80269
123.8, 0.802386
124, 0.804603
124.2, 0.806234
124.4, 0.807744
124.6, 0.809157
124.8, 0.810742
125, 0.811244
125.2, 0.811885
125.4, 0.81288
125.6, 0.814846
125.8, 0.816361
126, 0.818808
126.2, 0.821042
126.4, 0.822298
126.6, 0.822192
126.8, 0.824256
127, 0.825094
127.2, 0.825789
127.4, 0.827789
127.6, 0.829883
127.8, 0.831128
128, 0.831717
128.2, 0.833404
128.4, 0.835312
128.6, 0.835774
128.8, 0.836999
129, 0.839275
129.2, 0.841435
129.4, 0.841594
129.6, 0.843895
129.8, 0.845745
130, 0.846625
130.2, 0.847264
130.4, 0.848288
130.6, 0.849866
130.8, 0.851965
131, 0.854255
131.2, 0.856094
131.4, 0.858303
131.6, 0.859428
131.8, 0.859467
132, 0.859831
132.2, 0.861172
132.4, 0.862086
132.6, 0.862789
132.8, 0.864831
133, 0.866686
133.2, 0.867221
133.4, 0.867893
133.6, 0.870011
133.8, 0.871377
134, 0.872932
134.2, 0.874872
134.4, 0.877382
134.6, 0.878103
134.8, 0.878337
135, 0.880336
135.2, 0.882505
135.4, 0.884299
135.6, 0.8856
135.8, 0.888662
136, 0.889125
136.2, 0.89037
136.4, 0.893898
136.6, 0.895947
136.8, 0.89733
137, 0.898973
137.2, 0.900619
137.4, 0.89917
137.6, 0.901007
137.8, 0.900993
138, 0.903279
138.2, 0.904872
138.4, 0.906594
138.6, 0.907535
138.8, 0.909711
139, 0.909397
139.2, 0.909969
139.4, 0.912189
139.6, 0.913494
139.8, 0.914575
140, 0.91643
140.2, 0.917647
140.4, 0.919363
140.6, 0.920438
140.8, 0.921703
141, 0.923313
141.2, 0.924865
141.4, 0.925342
141.6, 0.927068
141.8, 0.929834
142, 0.931441
142.2, 0.932147
142.4, 0.934023
142.6, 0.934999
142.8, 0.934838
143, 0.936146
143.2, 0.938838
143.4, 0.939819
143.6, 0.942095
143.8, 0.944059
144, 0.944974
144.2, 0.946962
144.4, 0.947935
144.6, 0.94981
144.8, 0.951147
145, 0.952959
145.2, 0.95305
145.4, 0.955489
145.6, 0.95649
145.8, 0.95849
146, 0.961211
146.2, 0.961947
146.4, 0.961673
146.6, 0.963959
146.8, 0.964506
147, 0.964246
147.2, 0.967072
147.4, 0.969206
147.6, 0.969425
147.8, 0.970749
148, 0.971909
148.2, 0.972189
148.4, 0.973186
148.6, 0.974578
148.8, 0.977472
149, 0.979325
149.2, 0.979745
149.4, 0.981706
149.6, 0.982361
149.8, 0.98179
150, 0.983226
150.2, 0.98494
150.4, 0.985492
150.6, 0.986978
150.8, 0.989564
151, 0.990246
151.2, 0.993302
151.4, 0.994545
151.6, 0.995942
151.8, 0.996204
152, 0.997957
152.2, 0.998026
152.4, 1.00007
152.6, 1.00029
152.8, 1.00059
153, 1.00165
153.2, 1.0024
153.4, 1.00272
153.6, 1.0049
153.8, 1.00671
154, 1.00736
154.2, 1.00804
154.4, 1.00843
154.6, 1.0089
154.8, 1.00992
155, 1.01056
155.2, 1.01181
155.4, 1.01326
155.6, 1.01385
155.8, 1.01503
156, 1.01712
156.2, 1.01917
156.4, 1.01961
156.6, 1.02248
156.8, 1.02299
157, 1.02237
157.2, 1.02354
157.4, 1.027
157.6, 1.02714
157.8, 1.02867
158, 1.03094
158.2, 1.03129
158.4, 1.03026
158.6, 1.03155
158.8, 1.03394
159, 1.03474
159.2, 1.03597
159.4, 1.03857
159.6, 1.03847
159.8, 1.03871
160, 1.04014
160.2, 1.04244
160.4, 1.04227
160.6, 1.04451
160.8, 1.04613
161, 1.04731
161.2, 1.04712
161.4, 1.04976
161.6, 1.05149
161.8, 1.05126
162, 1.05226
162.2, 1.05371
162.4, 1.05397
162.6, 1.05398
162.8, 1.05665
163, 1.05786
163.2, 1.05832
163.4, 1.06027
163.6, 1.0617
163.8, 1.06221
164, 1.06358
164.2, 1.06567
164.4, 1.06632
164.6, 1.06656
164.8, 1.06741
165, 1.0681
165.2, 1.06961
165.4, 1.06998
165.6, 1.073
165.8, 1.07454
166, 1.07626
166.2, 1.07667
166.4, 1.07881
166.6, 1.07831
166.8, 1.07891
167, 1.08153
167.2, 1.08146
167.4, 1.08318
167.6, 1.08467
167.8, 1.0857
168, 1.08447
168.2, 1.08711
168.4, 1.08695
168.6, 1.08867
168.8, 1.08897
169, 1.09054
169.2, 1.09207
169.4, 1.09412
169.6, 1.09501
169.8, 1.09779
170, 1.10042
170.2, 1.10068
170.4, 1.10086
170.6, 1.10173
170.8, 1.10115
171, 1.10177
171.2, 1.10163
171.4, 1.10423
171.6, 1.10519
171.8, 1.10691
172, 1.107
172.2, 1.11007
172.4, 1.10976
172.6, 1.11082
172.8, 1.11249
173, 1.11493
173.2, 1.11305
173.4, 1.11468
173.6, 1.11607
173.8, 1.11699
174, 1.11703
174.2, 1.12076
174.4, 1.12133
174.6, 1.12257
174.8, 1.12363
175, 1.12406
175.2, 1.1246
175.4, 1.12489
175.6, 1.12609
175.8, 1.12767
176, 1.12792
176.2, 1.12992
176.4, 1.13283
176.6, 1.13293
176.8, 1.13351
177, 1.13631
177.2, 1.13674
177.4, 1.13708
177.6, 1.13955
177.8, 1.14068
178, 1.14038
178.2, 1.14204
178.4, 1.14275
178.6, 1.14322
178.8, 1.14452
179, 1.14575
179.2, 1.14647
179.4, 1.1476
179.6, 1.14704
179.8, 1.14873
180, 1.15059
180.2, 1.15006
180.4, 1.15167
180.6, 1.15538
180.8, 1.1562
181, 1.15708
181.2, 1.15825
181.4, 1.15953
181.6, 1.15834
181.8, 1.16004
182, 1.16163
182.2, 1.16304
182.4, 1.16322
182.6, 1.1647
182.8, 1.16497
183, 1.16576
183.2, 1.16737
183.4, 1.1702
183.6, 1.17225
183.8, 1.17261
184, 1.17327
184.2, 1.17567
184.4, 1.17489
184.6, 1.17664
184.8, 1.17996
185, 1.18158
185.2, 1.18203
185.4, 1.18339
185.6, 1.18438
185.8, 1.18403
186, 1.18433
186.2, 1.18442
186.4, 1.18688
186.6, 1.18733
186.8, 1.18749
187, 1.18957
187.2, 1.19082
187.4, 1.19081
187.6, 1.19109
187.8, 1.19464
188, 1.19616
188.2, 1.19715
188.4, 1.19776
188.6, 1.20122
188.8, 1.19937
189, 1.19997
189.2, 1.20099
189.4, 1.20231
189.6, 1.20171
189.8, 1.20361
190, 1.20316
190.2, 1.20554
190.4, 1.20644
190.6, 1.20674
190.8, 1.20753
191, 1.20991
191.2, 1.20952
191.4, 1.21112
191.6, 1.21359
191.8, 1.21435
192, 1.2158
192.2, 1.21673
192.4, 1.21758
192.6, 1.21988
192.8, 1.22137
193, 1.22207
193.2, 1.22384
193.4, 1.22519
193.6, 1.22388
193.8, 1.22599
194, 1.22738
194.2, 1.22823
194.4, 1.22945
194.6, 1.2304
194.8, 1.23036
195, 1.23206
195.2, 1.23305
195.4, 1.2339
195.6, 1.23585
195.8, 1.23766
196, 1.23855
196.2, 1.23918
196.4, 1.23925
196.6, 1.23984
196.8, 1.2409
197, 1.23951
197.2, 1.24019
197.4, 1.24171
197.6, 1.24398
197.8, 1.24409
198, 1.24668
198.2, 1.24822
198.4, 1.2497
198.6, 1.24895
198.8, 1.25044
199, 1.25119
199.2, 1.25187
199.4, 1.25236
199.6, 1.25436
199.8, 1.25481
200, 1.25644
200.2, 1.25729
200.4, 1.25958
200.6, 1.25903
200.8, 1.26103
201, 1.26141
201.2, 1.26277
201.4, 1.26333
201.6, 1.26558
201.8, 1.2661
202, 1.26665
202.2, 1.26869
202.4, 1.26919
202.6, 1.27082
202.8, 1.27127
203, 1.27155
203.2, 1.27261
203.4, 1.27456
203.6, 1.27512
203.8, 1.2773
204, 1.28064
204.2, 1.28133
204.4, 1.28156
204.6, 1.28231
204.8, 1.28326
205, 1.28362
205.2, 1.28559
205.4, 1.28613
205.6, 1.28866
205.8, 1.2891
206, 1.29064
206.2, 1.29098
206.4, 1.2918
206.6, 1.29121
206.8, 1.29342
207, 1.29434
207.2, 1.29474
207.4, 1.29737
207.6, 1.29953
207.8, 1.29901
208, 1.29924
208.2, 1.30121
208.4, 1.30201
208.6, 1.30253
208.8, 1.30364
209, 1.305
209.2, 1.30577
209.4, 1.30559
209.6, 1.30673
209.8, 1.30791
210, 1.26264, Step 3
210.2, 1.25988
210.4, 1.26022
210.6, 1.26255
210.8, 1.25814
211, 1.25713
211.2, 1.25639
211.4, 1.25512
211.6, 1.25419
211.8, 1.25405
212, 1.25464
212.2, 1.25497
212.4, 1.25487
212.6, 1.25499
212.8, 1.25519
213, 1.25497
213.2, 1.25534
213.4, 1.25731
213.6, 1.25813
213.8, 1.25903
214, 1.25944
214.2, 1.26029
214.4, 1.2596
214.6, 1.25937
214.8, 1.25898
215, 1.25947
215.2, 1.25895
215.4, 1.25985
215.6, 1.26032
215.8, 1.26066
216, 1.26221
216.2, 1.26282
216.4, 1.2633
216.6, 1.26298
216.8, 1.26483
217, 1.26485
217.2, 1.26553
217.4, 1.26566
217.6, 1.26652
217.8, 1.26629
218, 1.26691
218.2, 1.26788
218.4, 1.26849
218.6, 1.26947
218.8, 1.27018
219, 1.27071
219.2, 1.2709
219.4, 1.27162
219.6, 1.27223
219.8, 1.27366
220, 1.2739
220.2, 1.2729
220.4, 1.27215
220.6, 1.2728
220.8, 1.27229
221, 1.27318
221.2, 1.27483
221.4, 1.2748
221.6, 1.27436
221.8, 1.2747
222, 1.27414
222.2, 1.27418
222.4, 1.27591
222.6, 1.27696
222.8, 1.27797
223, 1.27896
223.2, 1.28043
223.4, 1.28027
223.6, 1.27995
223.8, 1.27967
224, 1.28039
224.2, 1.2804
224.4, 1.28109
224.6, 1.28255
224.8, 1.28321
225, 1.28373
225.2, 1.28389
225.4, 1.28525
225.6, 1.28565
225.8, 1.28597
226, 1.28637
226.2, 1.28684
226.4, 1.28676
226.6, 1.28682
226.8, 1.28721
227, 1.28626
227.2, 1.28696
227.4, 1.28737
227.6, 1.28719
227.8, 1.28844
228, 1.28972
228.2, 1.29009
228.4, 1.29051
228.6, 1.29123
228.8, 1.29048
229, 1.29106
229.2, 1.29045
229.4, 1.2909
229.6, 1.29062
229.8, 1.29107
230, 1.2912
230.2, 1.29271
230.4, 1.29336
230.6, 1.29465
230.8, 1.29581
231, 1.29684
231.2, 1.29659
231.4, 1.29621
231.6, 1.29613
231.8, 1.29711
232, 1.29786
232.2, 1.29904
232.4, 1.30016
232.6, 1.30153
232.8, 1.30106
233, 1.30052
233.2, 1.30125
233.4, 1.30125
233.6, 1.30083
233.8, 1.3008
234, 1.30098
234.2, 1.30138
234.4, 1.30175
234.6, 1.30206
234.8, 1.3039
235, 1.30506
235.2, 1.3046
235.4, 1.30453
235.6, 1.3057
235.8, 1.30493
236, 1.3042
236.2, 1.30513
236.4, 1.30591
236.6, 1.30564
236.8, 1.30584
237, 1.30644
237.2, 1.30711
237.4, 1.30648
237.6, 1.30616
237.8, 1.30681
238, 1.30689
238.2, 1.30655
238.4, 1.30768
238.6, 1.30958
238.8, 1.30937
239, 1.31012
239.2, 1.30995
239.4, 1.31051
239.6, 1.31022
239.8, 1.31061
240, 1.31115
240.2, 1.31172
240.4, 1.31178
240.6, 1.3126
240.8, 1.31324
241, 1.31265
241.2, 1.3132
241.4, 1.31223
241.6, 1.31101
241.8, 1.31088
242, 1.31128
242.2, 1.31093
242.4, 1.31226
242.6, 1.31316
242.8, 1.31329
243, 1.31319
243.2, 1.31456
243.4, 1.31441
243.6, 1.31489
243.8, 1.31477
244, 1.3149
244.2, 1.31465
244.4, 1.3149
244.6, 1.31372
244.8, 1.31523
245, 1.31637
245.2, 1.31678
245.4, 1.31821
245.6, 1.31958
245.8, 1.31906
246, 1.32006
246.2, 1.31867
246.4, 1.31929
246.6, 1.31951
246.8, 1.31983
247, 1.31906
247.2, 1.32006
247.4, 1.3184
247.6, 1.32011
247.8, 1.3197
248, 1.32099
248.2, 1.32018
248.4, 1.32112
248.6, 1.32097
248.8, 1.32243
249, 1.32187
249.2, 1.3233
249.4, 1.32351
249.6, 1.32253
249.8, 1.32237
250, 1.3233
250.2, 1.32433
250.4, 1.32408
250.6, 1.32494
250.8, 1.32537
251, 1.32481
251.2, 1.32422
251.4, 1.32444
251.6, 1.3239
251.8, 1.32345
252, 1.32431
252.2, 1.32466
252.4, 1.32507
252.6, 1.32493
252.8, 1.32574
253, 1.3252
253.2, 1.32527
253.4, 1.32567
253.6, 1.32657
253.8, 1.32675
254, 1.32652
254.2, 1.32714
254.4, 1.32783
254.6, 1.32761
254.8, 1.32786
255, 1.32809
255.2, 1.32724
255.4, 1.32765
255.6, 1.32802
255.8, 1.32785
256, 1.32898
256.2, 1.32963
256.4, 1.32918
256.6, 1.32966
256.8, 1.32958
257, 1.32978
257.2, 1.33033
257.4, 1.33081
257.6, 1.33018
257.8, 1.33133
258, 1.33216
258.2, 1.33261
258.4, 1.33268
258.6, 1.33381
258.8, 1.33379
259, 1.33343
259.2, 1.33448
259.4, 1.33433
259.6, 1.33446
259.8, 1.3343
260, 1.33383
260.2, 1.33226
260.4, 1.33294
260.6, 1.33341
260.8, 1.33335
261, 1.33426
261.2, 1.33571
261.4, 1.33591
261.6, 1.33564
261.8, 1.33618
262, 1.33564
262.2, 1.33485
262.4, 1.33482
262.6, 1.33538
262.8, 1.33455
263, 1.33521
263.2, 1.33686
263.4, 1.33731
263.6, 1.33761
263.8, 1.33888
264, 1.33952
264.2, 1.33919
264.4, 1.3395
264.6, 1.33889
264.8, 1.33934
265, 1.33936
265.2, 1.33904
265.4, 1.33848
265.6, 1.33942
265.8, 1.33917
266, 1.33921
266.2, 1.34014
266.4, 1.34127
266.6, 1.34166
266.8, 1.34272
267, 1.34318
267.2, 1.34221
267.4, 1.34231
267.6, 1.34207
267.8, 1.34157
268, 1.34089
268.2, 1.34214
268.4, 1.34233
268.6, 1.34163
268.8, 1.34246
269, 1.34311
269.2, 1.34298
269.4, 1.34273
269.6, 1.34363
269.8, 1.3439
270, 1.34277
270.2, 1.34294
270.4, 1.34412
270.6, 1.34459
270.8, 1.34511
271, 1.34716
271.2, 1.34743
271.4, 1.34731
271.6, 1.34718
271.8, 1.34566
272, 1.34516
272.2, 1.34516
272.4, 1.34386
272.6, 1.34404
272.8, 1.34505
273, 1.34528
273.2, 1.34546
273.4, 1.34616
273.6, 1.34556
273.8, 1.34575
274, 1.34591
274.2, 1.34587
274.4, 1.34718
274.6, 1.34707
274.8, 1.34669
275, 1.34685
275.2, 1.34715
275.4, 1.34665
275.6, 1.34728
275.8, 1.34724
276, 1.34651
276.2, 1.34739
276.4, 1.34821
276.6, 1.34845
276.8, 1.34919
277, 1.35
277.2, 1.34966
277.4, 1.34883
277.6, 1.3492
277.8, 1.34919
278, 1.34899
278.2, 1.34895
278.4, 1.3485
278.6, 1.3486
278.8, 1.34802
279, 1.34821
279.2, 1.34855
279.4, 1.34917
279.6, 1.34892
279.8, 1.34972
280, 1.34953
280.2, 1.34923
280.4, 1.35005
280.6, 1.35045
280.8, 1.3506
281, 1.35189
281.2, 1.35207
281.4, 1.35109
281.6, 1.35154
281.8, 1.35299
282, 1.35245
282.2, 1.35162
282.4, 1.35219
282.6, 1.35253
282.8, 1.35125
283, 1.34998
283.2, 1.35138
283.4, 1.35104
283.6, 1.35055
283.8, 1.35068
284, 1.3526
284.2, 1.3516
284.4, 1.35197
284.6, 1.35222
284.8, 1.35197
285, 1.35281
285.2, 1.35346
285.4, 1.35343
285.6, 1.3539
285.8, 1.35472
286, 1.35432
286.2, 1.35505
286.4, 1.35514
286.6, 1.35507
286.8, 1.35508
287, 1.35443
287.2, 1.35412
287.4, 1.35478
287.6, 1.35553
287.8, 1.35604
288, 1.35595
288.2, 1.35688
288.4, 1.35762
288.6, 1.35659
288.8, 1.35642
289, 1.35745
289.2, 1.35674
289.4, 1.35684
289.6, 1.35854
289.8, 1.35895
290, 1.35832
290.2, 1.35793
290.4, 1.35782
290.6, 1.3569
290.8, 1.35589
291, 1.35795
291.2, 1.35898
291.4, 1.359
291.6, 1.35894
291.8, 1.35996
292, 1.35851
292.2, 1.35818
292.4, 1.35692
292.6, 1.35711
292.8, 1.357
293, 1.35749
293.2, 1.35703
293.4, 1.35842
293.6, 1.35883
293.8, 1.35891
294, 1.35888
294.2, 1.35967
294.4, 1.35952
294.6, 1.36024
294.8, 1.36052
295, 1.35983
295.2, 1.35941
295.4, 1.36
295.6, 1.35943
295.8, 1.36019
296, 1.36042
296.2, 1.36205
296.4, 1.36147
296.6, 1.36191
296.8, 1.36065
297, 1.36082
297.2, 1.35979
297.4, 1.36062
297.6, 1.36022
297.8, 1.36091
298, 1.36025
298.2, 1.36076
298.4, 1.36016
298.6, 1.3606
298.8, 1.36065
299, 1.36169
299.2, 1.36197
299.4, 1.36232
299.6, 1.36213
299.8, 1.36235
300, 1.36203
300.2, 1.36225
300.4, 1.36256
300.6, 1.36262
300.8, 1.36318
301, 1.36429
301.2, 1.36392
301.4, 1.36343
301.6, 1.36399
301.8, 1.36306
302, 1.36253
302.2, 1.36129
302.4, 1.36243
302.6, 1.36133
302.8, 1.363
303, 1.36349
303.2, 1.36487
303.4, 1.36501
303.6, 1.36631
303.8, 1.36632
304, 1.36604
304.2, 1.36627
304.4, 1.36639
304.6, 1.36588
304.8, 1.36463
305, 1.36451
305.2, 1.36421
305.4, 1.36324
305.6, 1.36381
305.8, 1.36363
306, 1.36331
306.2, 1.36387
306.4, 1.36409
306.6, 1.36325
306.8, 1.36505
307, 1.36591
307.2, 1.36637
307.4, 1.36654
307.6, 1.36778
307.8, 1.36647
308, 1.36658
308.2, 1.36547
308.4, 1.36587
308.6, 1.36525
308.8, 1.36585
309, 1.36595
309.2, 1.36505
309.4, 1.36494
309.6, 1.36507
309.8, 1.36501
310, 1.48237, Step 4
310.2, 1.48031
310.4, 1.47443
310.6, 1.46734
310.8, 1.46874
311, 1.46615
311.2, 1.4658
311.4, 1.46527
311.6, 1.46727
311.8, 1.46927
312, 1.47103
312.2, 1.47109
312.4, 1.47298
312.6, 1.47548
312.8, 1.47634
313, 1.47794
313.2, 1.48115
313.4, 1.48344
313.6, 1.48511
313.8, 1.48827
314, 1.48936
314.2, 1.4913
314.4, 1.49529
314.6, 1.49758
314.8, 1.50039
315, 1.50398
315.2, 1.50655
315.4, 1.50811
315.6, 1.51128
315.8, 1.51277
316, 1.51576
316.2, 1.51873
316.4, 1.5214
316.6, 1.52249
316.8, 1.52698
317, 1.52888
317.2, 1.5306
317.4, 1.53392
317.6, 1.53731
317.8, 1.5388
318, 1.54108
318.2, 1.54336
318.4, 1.54535
318.6, 1.54784
318.8, 1.54889
319, 1.55159
319.2, 1.55465
319.4, 1.55698
319.6, 1.55925
319.8, 1.56099
320, 1.56223
320.2, 1.56421
320.4, 1.56568
320.6, 1.56625
320.8, 1.56774
321, 1.57129
321.2, 1.57246
321.4, 1.57438
321.6, 1.57685
321.8, 1.58011
322, 1.58201
322.2, 1.58506
322.4, 1.58684
322.6, 1.58993
322.8, 1.59208
323, 1.59325
323.2, 1.5946
323.4, 1.59681
323.6, 1.5984
323.8, 1.59942
324, 1.60155
324.2, 1.60302
324.4, 1.60473
324.6, 1.60584
324.8, 1.6071
325, 1.60919
325.2, 1.61051
325.4, 1.61316
325.6, 1.61452
325.8, 1.6166
326, 1.61715
326.2, 1.62049
326.4, 1.6211
326.6, 1.62353
326.8, 1.62658
327, 1.628
327.2, 1.62836
327.4, 1.629
327.6, 1.62958
327.8, 1.63037
328, 1.63305
328.2, 1.63479
328.4, 1.63714
328.6, 1.64028
328.8, 1.64222
329, 1.64349
329.2, 1.6455
329.4, 1.6461
329.6, 1.64665
329.8, 1.64785
330, 1.64912
330.2, 1.65025
330.4, 1.65295
330.6, 1.655
330.8, 1.65579
331, 1.65689
331.2, 1.65885
331.4, 1.65964
331.6, 1.66187
331.8, 1.66326
332, 1.66381
332.2, 1.66526
332.4, 1.66625
332.6, 1.66766
332.8, 1.6701
333, 1.67359
333.2, 1.67354
333.4, 1.67611
333.6, 1.67629
333.8, 1.67672
334, 1.6774
334.2, 1.67921
334.4, 1.67978
334.6, 1.68159
334.8, 1.68346
335, 1.68418
335.2, 1.6862
335.4, 1.68773
335.6, 1.68829
335.8, 1.68969
336, 1.6913
336.2, 1.69258
336.4, 1.69476
336.6, 1.69747
336.8, 1.6986
337, 1.69988
337.2, 1.70183
337.4, 1.70319
337.6, 1.7038
337.8, 1.70411
338, 1.70528
338.2, 1.70634
338.4, 1.70701
338.6, 1.70734
338.8, 1.70986
339, 1.71191
339.2, 1.71151
339.4, 1.71222
339.6, 1.71422
339.8, 1.71524
340, 1.71567
340.2, 1.71804
340.4, 1.71898
340.6, 1.71978
340.8, 1.71952
341, 1.7211
341.2, 1.72161
341.4, 1.72406
341.6, 1.72481
341.8, 1.72741
342, 1.7275
342.2, 1.72949
342.4, 1.72827
342.6, 1.72984
342.8, 1.7301
343, 1.73061
343.2, 1.73107
343.4, 1.73426
343.6, 1.7357
343.8, 1.73683
344, 1.73814
344.2, 1.73896
344.4, 1.73894
344.6, 1.73995
344.8, 1.74163
345, 1.74341
345.2, 1.74462
345.4, 1.74542
345.6, 1.74658
345.8, 1.74794
346, 1.74822
346.2, 1.74945
346.4, 1.75187
346.6, 1.75176
346.8, 1.752
347, 1.7535
347.2, 1.75423
347.4, 1.75408
347.6, 1.75551
347.8, 1.75694
348, 1.75752
348.2, 1.75811
348.4, 1.75932
348.6, 1.75989
348.8, 1.76081
349, 1.76246
349.2, 1.76314
349.4, 1.76423
349.6, 1.76573
349.8, 1.76619
350, 1.76784
350.2, 1.76923
350.4, 1.76968
350.6, 1.76965
350.8, 1.7715
351, 1.77109
351.2, 1.77085
351.4, 1.77261
351.6, 1.77476
351.8, 1.77493
352, 1.77673
352.2, 1.77823
352.4, 1.77846
352.6, 1.77918
352.8, 1.77915
353, 1.78009
353.2, 1.78156
353.4, 1.78136
353.6, 1.78142
353.8, 1.78456
354, 1.78379
354.2, 1.78497
354.4, 1.78737
354.6, 1.78876
354.8, 1.78835
355, 1.78982
355.2, 1.78898
355.4, 1.78954
355.6, 1.78933
355.8, 1.79033
356, 1.79237
356.2, 1.79392
356.4, 1.79393
356.6, 1.79605
356.8, 1.79654
357, 1.79658
357.2, 1.79868
357.4, 1.8004
357.6, 1.8009
357.8, 1.80125
358, 1.80294
358.2, 1.80205
358.4, 1.80286
358.6, 1.80399
358.8, 1.80595
359, 1.80615
359.2, 1.80758
359.4, 1.80751
359.6, 1.80878
359.8, 1.80973
360, 1.8098
360.2, 1.81105
360.4, 1.81243
360.6, 1.81213
360.8, 1.81334
361, 1.81489
361.2, 1.81645
361.4, 1.8165
361.6, 1.81816
361.8, 1.81784
362, 1.81882
362.2, 1.81946
362.4, 1.82098
362.6, 1.82103
362.8, 1.82206
363, 1.82351
363.2, 1.82282
363.4, 1.82392
363.6, 1.82491
363.8, 1.82527
364, 1.82588
364.2, 1.82763
364.4, 1.8287
364.6, 1.82928
364.8, 1.82997
365, 1.82969
365.2, 1.83077
365.4, 1.832
365.6, 1.8322
365.8, 1.83265
366, 1.83367
366.2, 1.83282
366.4, 1.83327
366.6, 1.83371
366.8, 1.8363
367, 1.83711
367.2, 1.83899
367.4, 1.83778
367.6, 1.84048
367.8, 1.83949
368, 1.83947
368.2, 1.84029
368.4, 1.84222
368.6, 1.84167
368.8, 1.8429
369, 1.84414
369.2, 1.84511
369.4, 1.84458
369.6, 1.84614
369.8, 1.84602
370, 1.84564
370.2, 1.84501
370.4, 1.84638
370.6, 1.84775
370.8, 1.84834
371, 1.84998
371.2, 1.85099
371.4, 1.85166
371.6, 1.85119
371.8, 1.85253
372, 1.85207
372.2, 1.85368
372.4, 1.8536
372.6, 1.85374
372.8, 1.85498
373, 1.85654
373.2, 1.85528
373.4, 1.85796
373.6, 1.85901
373.8, 1.85943
374, 1.8595
374.2, 1.86108
374.4, 1.8594
374.6, 1.85971
374.8, 1.85914
375, 1.86055
375.2, 1.86105
375.4, 1.86314
375.6, 1.8638
375.8, 1.8659
376, 1.86491
376.2, 1.86549
376.4, 1.86629
376.6, 1.8664
376.8, 1.86651
377, 1.86887
377.2, 1.87081
377.4, 1.87083
377.6, 1.87186
377.8, 1.87314
378, 1.87292
378.2, 1.87311
378.4, 1.8732
378.6, 1.87386
378.8, 1.87358
379, 1.87399
379.2, 1.87341
379.4, 1.87433
379.6, 1.87595
379.8, 1.87641
380, 1.87807
380.2, 1.87947
380.4, 1.88056
380.6, 1.87986
380.8, 1.88091
381, 1.87988
381.2, 1.88049
381.4, 1.88033
381.6, 1.88141
381.8, 1.88082
382, 1.88288
382.2, 1.88315
382.4, 1.88365
382.6, 1.88562
382.8, 1.88612
383, 1.88608
383.2, 1.88625
383.4, 1.88725
383.6, 1.88656
383.8, 1.88786
384, 1.88864
384.2, 1.89024
384.4, 1.89078
384.6, 1.89108
384.8, 1.8919
385, 1.89238
385.2, 1.89277
385.4, 1.89381
385.6, 1.8946
385.8, 1.89483
386, 1.89604
386.2, 1.897
386.4, 1.8964
386.6, 1.89697
386.8, 1.89841
387, 1.8977
387.2, 1.89808
387.4, 1.89917
387.6, 1.90001
387.8, 1.9008
388, 1.9016
388.2, 1.90195
388.4, 1.90344
388.6, 1.90239
388.8, 1.90226
389, 1.90268
389.2, 1.90243
389.4, 1.90216
389.6, 1.90376
389.8, 1.90342
390, 1.90416
390.2, 1.90648
390.4, 1.90603
390.6, 1.90617
390.8, 1.90802
391, 1.90928
391.2, 1.90815
391.4, 1.90982
391.6, 1.91096
391.8, 1.9096
392, 1.90907
392.2, 1.90925
392.4, 1.90984
392.6, 1.91071
392.8, 1.912
393, 1.91245
393.2, 1.91416
393.4, 1.91437
393.6, 1.91308
393.8, 1.91427
394, 1.91559
394.2, 1.91592
394.4, 1.91703
394.6, 1.91927
394.8, 1.92061
395, 1.92136
395.2, 1.92213
395.4, 1.92182
395.6, 1.92271
395.8, 1.9223
396, 1.92219
396.2, 1.92275
396.4, 1.9234
396.6, 1.92331
396.8, 1.92415
397, 1.92381
397.2, 1.92368
397.4, 1.92391
397.6, 1.92287
397.8, 1.92414
398, 1.92556
398.2, 1.92571
398.4, 1.92669
398.6, 1.92863
398.8, 1.92773
399, 1.92775
399.2, 1.9282
399.4, 1.92995
399.6, 1.92991
399.8, 1.92966
400, 1.9304
400.2, 1.93223
400.4, 1.93201
400.6, 1.93379
400.8, 1.93492
401, 1.93579
401.2, 1.93566
401.4, 1.9358
401.6, 1.93655
401.8, 1.93677
402, 1.93722
402.2, 1.93878
402.4, 1.93847
402.6, 1.93694
402.8, 1.93957
403, 1.93991
403.2, 1.93824
403.4, 1.93873
403.6, 1.94008
403.8, 1.93884
404, 1.93935
404.2, 1.94028
404.4, 1.94051
404.6, 1.94036
404.8, 1.9409
405, 1.94083
405.2, 1.94263
405.4, 1.94323
405.6, 1.94422
405.8, 1.94376
406, 1.94325
406.2, 1.94279
406.4, 1.94444
406.6, 1.94391
406.8, 1.94532
407, 1.94747
407.2, 1.94753
407.4, 1.94679
407.6, 1.94789
407.8, 1.94952
408, 1.9495
408.2, 1.9501
408.4, 1.95069
408.6, 1.95124
408.8, 1.94907
409, 1.94935
409.2, 1.95065
409.4, 1.95037
409.6, 1.95089
409.8, 1.95317
410, 1.95213
410.2, 1.95141
410.4, 1.95366
410.6, 1.95422
410.8, 1.95433
411, 1.95533
411.2, 1.95622
411.4, 1.95476
411.6, 1.95489
411.8, 1.95581
412, 1.95681
412.2, 1.95686
412.4, 1.95896
412.6, 1.9594
412.8, 1.95913
413, 1.95907
413.2, 1.95914
413.4, 1.95899
413.6, 1.95892
413.8, 1.95886
414, 1.95983
414.2, 1.96015
414.4, 1.96003
414.6, 1.96063
414.8, 1.96064
415, 1.96211
415.2, 1.96442
415.4, 1.96504
415.6, 1.96556
415.8, 1.96737
416, 1.96736
416.2, 1.96632
416.4, 1.96503
416.6, 1.9665
416.8, 1.96669
417, 1.96619
417.2, 1.96648
417.4, 1.96952
417.6, 1.96859
417.8, 1.96792
418, 1.96866
418.2, 1.97004
418.4, 1.96981
418.6, 1.97138
418.8, 1.97323
419, 1.97361
419.2, 1.97309
419.4, 1.97364
419.6, 1.97456
419.8, 1.97401
420, 1.97358
420.2, 1.97436
420.4, 1.97365
420.6, 1.97336
420.8, 1.9739
421, 1.97443
421.2, 1.9748
421.4, 1.97712
421.6, 1.9772
421.8, 1.97814
422, 1.97932
422.2, 1.97925
422.4, 1.97824
422.6, 1.97844
422.8, 1.97909
423, 1.9783
423.2, 1.97886
423.4, 1.97993
423.6, 1.98092
423.8, 1.9802
424, 1.98209
424.2, 1.98317
424.4, 1.98274
424.6, 1.9832
424.8, 1.98303
425, 1.98304
425.2, 1.98322
425.4, 1.98442
425.6, 1.98401
425.8, 1.98495
426, 1.98552
426.2, 1.98517
426.4, 1.98585
426.6, 1.98652
426.8, 1.98755
427, 1.98823
427.2, 1.98862
427.4, 1.98871
427.6, 1.98927
427.8, 1.98796
428, 1.98827
428.2, 1.98856
428.4, 1.98896
428.6, 1.9887
428.8, 1.991
429, 1.99112
429.2, 1.99255
429.4, 1.99317
429.6, 1.99419
429.8, 1.99282
430, 1.99408
430.2, 1.99443
430.4, 1.99394
430.6, 1.9952
430.8, 1.99753
431, 1.99674
431.2, 1.99679
431.4, 1.99803
431.6, 1.99747
431.8, 1.9974
432, 1.99884
432.2, 1.99931
432.4, 1.99957
432.6, 2.0001
432.8, 1.99927
433, 1.99954
433.2, 1.99933
433.4, 2.00026
433.6, 2.00211
433.8, 2.00286
434, 2.00281
434.2, 2.00395
434.4, 2.00254
434.6, 2.00134
434.8, 2.00255
435, 2.00221
435.2, 2.00323
435.4, 2.00424
435.6, 2.00429
435.8, 2.00415
436, 2.00498
436.2, 2.00365
436.4, 2.00339
436.6, 2.00457
436.8, 2.00459
437, 2.00493
437.2, 2.00644
437.4, 2.00707
437.6, 2.00783
437.8, 2.00842
438, 2.00881
438.2, 2.00944
438.4, 2.01063
438.6, 2.00971
438.8, 2.01029
439, 2.0096
439.2, 2.01046
439.4, 2.00965
439.6, 2.01001
439.8, 2.01134
440, 2.01231
440.2, 2.01172
440.4, 2.01298
440.6, 2.01379
440.8, 2.01197
441, 2.01244
441.2, 2.01333
441.4, 2.01308
441.6, 2.01243
441.8, 2.01383
442, 2.01422
442.2, 2.01367
442.4, 2.01318
442.6, 2.01467
442.8, 2.0154
443, 2.01657
443.2, 2.01653
443.4, 2.01949
443.6, 2.02051
443.8, 2.02011
444, 2.01992
444.2, 2.02186
444.4, 2.01949
444.6, 2.01871
444.8, 2.01984
445, 2.01916
445.2, 2.01824
445.4, 2.02066
445.6, 2.02226
445.8, 2.02135
446, 2.02262
446.2, 2.02338
446.4, 2.02273
446.6, 2.02264
446.8, 2.02392
447, 2.02299
447.2, 2.02517
447.4, 2.02607
447.6, 2.02635
447.8, 2.02694
448, 2.02965
448.2, 2.02796
448.4, 2.02722
448.6, 2.02733
448.8, 2.02701
449, 2.02527
449.2, 2.02586
449.4, 2.02814
449.6, 2.02741
449.8, 2.02779
450, 2.02919
450.2, 2.02946
450.4, 2.02933
450.6, 2.02995
450.8, 2.03161
451, 2.03265
451.2, 2.03327
451.4, 2.03335
451.6, 2.03391
451.8, 2.03252
452, 2.03215
452.2, 2.03182
452.4, 2.03212
452.6, 2.03288
452.8, 2.03447
453, 2.03464
453.2, 2.03519
453.4, 2.03552
453.6, 2.03399
453.8, 2.03291
454, 2.03298
454.2, 2.03248
454.4, 2.03093
454.6, 2.03425
454.8, 2.03459
455, 2.03472
455.2, 2.03645
455.4, 2.03858
455.6, 2.03698
455.8, 2.03786
456, 2.03807
456.2, 2.03776
456.4, 2.03726
456.6, 2.03751
456.8, 2.03783
457, 2.03832
457.2, 2.03933
457.4, 2.04036
457.6, 2.04034
457.8, 2.04123
458, 2.04281
458.2, 2.04198
458.4, 2.042
458.6, 2.04348
458.8, 2.04317
459, 2.04287
459.2, 2.04464
459.4, 2.0452
459.6, 2.04488
459.8, 2.04624
460, 2.04704
460.2, 2.04631
460.4, 2.04574
460.6, 2.04665
460.8, 2.04625
461, 2.04607
461.2, 2.04769
461.4, 2.04809
461.6, 2.04791
461.8, 2.04866
462, 2.04885
462.2, 2.04762
462.4, 2.04808
462.6, 2.04841
462.8, 2.04753
463, 2.04725
463.2, 2.04845
463.4, 2.04935
463.6, 2.04838
463.8, 2.04914
464, 2.04967
464.2, 2.04833
464.4, 2.04821
464.6, 2.04924
464.8, 2.04896
465, 2.04822
465.2, 2.04896
465.4, 2.04819
465.6, 2.04786
465.8, 2.04959
466, 2.04922
466.2, 2.04986
466.4, 2.05135
466.6, 2.05219
466.8, 2.05149
467, 2.05339
467.2, 2.05299
467.4, 2.05232
467.6, 2.05227
467.8, 2.05146
468, 2.0514
468.2, 2.0524
468.4, 2.05276
468.6, 2.05287
468.8, 2.05399
469, 2.05454
469.2, 2.05461
469.4, 2.05489
469.6, 2.05507
469.8, 2.05546
470, 2.05569
470.2, 2.05566
470.4, 2.05649
470.6, 2.05734
470.8, 2.05685
471, 2.05701
471.2, 2.05795
471.4, 2.05803
471.6, 2.05783
471.8, 2.05936
472, 2.05933
472.2, 2.06005
472.4, 2.06063
472.6, 2.06069
472.8, 2.06004
473, 2.0612
473.2, 2.05939
473.4, 2.05957
473.6, 2.05966
473.8, 2.06063
474, 2.05994
474.2, 2.06144
474.4, 2.06194
474.6, 2.06369
474.8, 2.06288
475, 2.0628
475.2, 2.0633
475.4, 2.06329
475.6, 2.06269
475.8, 2.0646
476, 2.06525
476.2, 2.06574
476.4, 2.06668
476.6, 2.0667
476.8, 2.06594
477, 2.06643
477.2, 2.06593
477.4, 2.06652
477.6, 2.06743
477.8, 2.06774
478, 2.06763
478.2, 2.06794
478.4, 2.06714
478.6, 2.06665
478.8, 2.06675
479, 2.06643
479.2, 2.06656
479.4, 2.06584
479.6, 2.06748
479.8, 2.06995
480, 2.07151
480.2, 2.07274
480.4, 2.07318
480.6, 2.0739
480.8, 2.07157
481, 2.07214
481.2, 2.0726
481.4, 2.07375
481.6, 2.0731
481.8, 2.07486
482, 2.07382
482.2, 2.07311
482.4, 2.07326
482.6, 2.07316
482.8, 2.07263
483, 2.07351
483.2, 2.07356
483.4, 2.07361
483.6, 2.0743
483.8, 2.07509
484, 2.07452
484.2, 2.07433
484.4, 2.0753
484.6, 2.07543
484.8, 2.07505
485, 2.07639
485.2, 2.07675
485.4, 2.07706
485.6, 2.07724
485.8, 2.07896
486, 2.07752
486.2, 2.07839
486.4, 2.07672
486.6, 2.07693
486.8, 2.07485
487, 2.07543
487.2, 2.07662
487.4, 2.07805
487.6, 2.07849
487.8, 2.07952
488, 2.08066
488.2, 2.07934
488.4, 2.08094
488.6, 2.08132
488.8, 2.07947
489, 2.07902
489.2, 2.07984
489.4, 2.0787
489.6, 2.07775
489.8, 2.08089
490, 2.01081, Step 5
490.2, 2.00188
490.4, 1.99817
490.6, 1.99933
490.8, 1.99267
491, 1.98842
491.2, 1.98585
491.4, 1.98309
491.6, 1.98018
491.8, 1.9777
492, 1.97611
492.2, 1.97613
492.4, 1.97455
492.6, 1.97273
492.8, 1.97177
493, 1.97128
493.2, 1.96744
493.4, 1.96627
493.6, 1.96563
493.8, 1.96422
494, 1.96234
494.2, 1.96117
494.4, 1.96003
494.6, 1.9587
494.8, 1.95832
495, 1.95644
495.2, 1.9559
495.4, 1.9543
495.6, 1.95208
495.8, 1.95031
496, 1.95004
496.2, 1.94807
496.4, 1.94744
496.6, 1.94723
496.8, 1.94632
497, 1.94516
497.2, 1.94515
497.4, 1.94351
497.6, 1.94278
497.8, 1.94212
498, 1.94117
498.2, 1.93956
498.4, 1.93802
498.6, 1.9375
498.8, 1.93568
499, 1.93509
499.2, 1.93458
499.4, 1.93459
499.6, 1.93271
499.8, 1.93245
500, 1.93194
500.2, 1.93136
500.4, 1.93005
500.6, 1.9295
500.8, 1.9287
501, 1.92653
501.2, 1.92521
501.4, 1.9252
501.6, 1.92402
501.8, 1.92273
502, 1.92185
502.2, 1.92054
502.4, 1.91949
502.6, 1.91895
502.8, 1.91829
503, 1.9184
503.2, 1.91729
503.4, 1.91616
503.6, 1.91521
503.8, 1.91353
504, 1.91219
504.2, 1.91276
504.4, 1.91316
504.6, 1.9129
504.8, 1.91342
505, 1.91356
505.2, 1.91148
505.4, 1.90952
505.6, 1.90812
505.8, 1.90703
506, 1.905
506.2, 1.90379
506.4, 1.90328
506.6, 1.90249
506.8, 1.90138
507, 1.90024
507.2, 1.90043
507.4, 1.89943
507.6, 1.89876
507.8, 1.89846
508, 1.89882
508.2, 1.89805
508.4, 1.89722
508.6, 1.89607
508.8, 1.8947
509, 1.89428
509.2, 1.89358
509.4, 1.89323
509.6, 1.89248
509.8, 1.89319
510, 1.89122
510.2, 1.89124
510.4, 1.89097
510.6, 1.89123
510.8, 1.89006
511, 1.89055
511.2, 1.88876
511.4, 1.88788
511.6, 1.88721
511.8, 1.88499
512, 1.88337
512.2, 1.88371
512.4, 1.88241
512.6, 1.88124
512.8, 1.8817
513, 1.8812
513.2, 1.88127
513.4, 1.88094
513.6, 1.88021
513.8, 1.87952
514, 1.87872
514.2, 1.87654
514.4, 1.87721
514.6, 1.87677
514.8, 1.87498
515, 1.8744
515.2, 1.87382
515.4, 1.87329
515.6, 1.87282
515.8, 1.87394
516, 1.87257
516.2, 1.87287
516.4, 1.87088
516.6, 1.86977
516.8, 1.86921
517, 1.86938
517.2, 1.86737
517.4, 1.8664
517.6, 1.86641
517.8, 1.86583
518, 1.86698
518.2, 1.86815
518.4, 1.86799
518.6, 1.86722
518.8, 1.86655
519, 1.86501
519.2, 1.86356
519.4, 1.86286
519.6, 1.86275
519.8, 1.86316
520, 1.86234
520.2, 1.86211
520.4, 1.86199
520.6, 1.8604
520.8, 1.85806
521, 1.8572
521.2, 1.85685
521.4, 1.85672
521.6, 1.8572
521.8, 1.85636
522, 1.8559
522.2, 1.85494
522.4, 1.85415
522.6, 1.8536
522.8, 1.85358
523, 1.85319
523.2, 1.85247
523.4, 1.85102
523.6, 1.85081
523.8, 1.85135
524, 1.85101
524.2, 1.85176
524.4, 1.85233
524.6, 1.85152
524.8, 1.85034
525, 1.85046
525.2, 1.84817
525.4, 1.84777
525.6, 1.8479
525.8, 1.84673
526, 1.84578
526.2, 1.84687
526.4, 1.84572
526.6, 1.84486
526.8, 1.84574
527, 1.84511
527.2, 1.84498
527.4, 1.84463
527.6, 1.84448
527.8, 1.8435
528, 1.84339
528.2, 1.84202
528.4, 1.8419
528.6, 1.8403
528.8, 1.83921
529, 1.8397
529.2, 1.83973
529.4, 1.83914
529.6, 1.83927
529.8, 1.83932
530, 1.83802
530.2, 1.83739
530.4, 1.83814
530.6, 1.83869
530.8, 1.83793
531, 1.83808
531.2, 1.83789
531.4, 1.83677
531.6, 1.83574
531.8, 1.83652
532, 1.83543
532.2, 1.83437
532.4, 1.83362
532.6, 1.83271
532.8, 1.83213
533, 1.83148
533.2, 1.83194
533.4, 1.83161
533.6, 1.83147
533.8, 1.83114
534, 1.83143
534.2, 1.83032
534.4, 1.82967
534.6, 1.82906
534.8, 1.82836
535, 1.82772
535.2, 1.82809
535.4, 1.82788
535.6, 1.82795
535.8, 1.82712
536, 1.82719
536.2, 1.82579
536.4, 1.8253
536.6, 1.82437
536.8, 1.82375
537, 1.82276
537.2, 1.82299
537.4, 1.82337
537.6, 1.82413
537.8, 1.82449
538, 1.82397
538.2, 1.82449
538.4, 1.82417
538.6, 1.82296
538.8, 1.82205
539, 1.822
539.2, 1.82056
539.4, 1.82109
539.6, 1.82116
539.8, 1.82176
540, 1.82145
540.2, 1.82108
540.4, 1.82017
540.6, 1.81979
540.8, 1.81887
541, 1.81918
541.2, 1.81919
541.4, 1.8186
541.6, 1.81746
541.8, 1.81742
542, 1.81645
542.2, 1.81534
542.4, 1.81657
542.6, 1.81681
542.8, 1.81669
543, 1.81673
543.2, 1.8172
543.4, 1.81524
543.6, 1.81459
543.8, 1.81323
544, 1.81404
544.2, 1.81329
544.4, 1.81432
544.6, 1.81448
544.8, 1.81587
545, 1.81463
545.2, 1.8149
545.4, 1.81336
545.6, 1.81326
545.8, 1.81264
546, 1.81264
546.2, 1.81256
546.4, 1.81261
546.6, 1.81271
546.8, 1.81108
547, 1.81095
547.2, 1.81047
547.4, 1.81067
547.6, 1.80956
547.8, 1.81067
548, 1.80952
548.2, 1.80957
548.4, 1.80949
548.6, 1.81038
548.8, 1.80983
549, 1.80964
549.2, 1.80875
549.4, 1.80761
549.6, 1.80745
549.8, 1.80745
550, 1.8073
550.2, 1.80703
550.4, 1.80571
550.6, 1.80398
550.8, 1.80353
551, 1.80253
551.2, 1.80244
551.4, 1.80345
551.6, 1.80396
551.8, 1.8039
552, 1.80427
552.2, 1.80451
552.4, 1.80426
552.6, 1.80408
552.8, 1.80386
553, 1.8031
553.2, 1.80158
553.4, 1.80198
553.6, 1.8018
553.8, 1.80134
554, 1.80194
554.2, 1.80309
554.4, 1.802
554.6, 1.80076
554.8, 1.80075
555, 1.8002
555.2, 1.79994
555.4, 1.79957
555.6, 1.79959
555.8, 1.80067
556, 1.79987
556.2, 1.79859
556.4, 1.799
556.6, 1.79983
556.8, 1.79818
557, 1.79812
557.2, 1.7994
557.4, 1.79867
557.6, 1.7979
557.8, 1.79792
558, 1.79928
558.2, 1.79948
558.4, 1.799
558.6, 1.79908
558.8, 1.79781
559, 1.79754
559.2, 1.79643
559.4, 1.79673
559.6, 1.79501
559.8, 1.79525
560, 1.79519
560.2, 1.79504
560.4, 1.79546
560.6, 1.79612
560.8, 1.79686
561, 1.79468
561.2, 1.7946
561.4, 1.79399
561.6, 1.79501
561.8, 1.79438
562, 1.79548
562.2, 1.79417
562.4, 1.79304
562.6, 1.79173
562.8, 1.79172
563, 1.79122
563.2, 1.79076
563.4, 1.79194
563.6, 1.79146
563.8, 1.79125
564, 1.79143
564.2, 1.79246
564.4, 1.79208
564.6, 1.792
564.8, 1.79113
565, 1.79087
565.2, 1.79053
565.4, 1.78956
565.6, 1.78997
565.8, 1.79028
566, 1.78978
566.2, 1.79042
566.4, 1.79156
566.6, 1.7911
566.8, 1.79081
567, 1.79125
567.2, 1.79099
567.4, 1.79014
567.6, 1.79097
567.8, 1.79123
568, 1.79143
568.2, 1.79059
568.4, 1.79014
568.6, 1.78933
568.8, 1.78827
569, 1.7871
569.2, 1.78722
569.4, 1.78671
569.6, 1.78669
569.8, 1.78839
570, 1.78966
570.2, 1.78901
570.4, 1.78925
570.6, 1.78829
570.8, 1.78739
571, 1.78579
571.2, 1.78592
571.4, 1.786
571.6, 1.78627
571.8, 1.78648
572, 1.78809
572.2, 1.78648
572.4, 1.78659
572.6, 1.78721
572.8, 1.78529
573, 1.78453
573.2, 1.78594
573.4, 1.78505
573.6, 1.78488
573.8, 1.78589
574, 1.78555
574.2, 1.78471
574.4, 1.78605
574.6, 1.78481
574.8, 1.78472
575, 1.78404
575.2, 1.7838
575.4, 1.78328
575.6, 1.7829
575.8, 1.783
576, 1.7828
576.2, 1.78389
576.4, 1.78349
576.6, 1.78457
576.8, 1.78427
577, 1.78592
577.2, 1.78524
577.4, 1.78571
577.6, 1.78488
577.8, 1.78447
578, 1.7835
578.2, 1.78414
578.4, 1.78232
578.6, 1.78213
578.8, 1.78201
579, 1.78176
579.2, 1.78224
579.4, 1.78281
579.6, 1.7831
579.8, 1.78257
580, 1.78238
580.2, 1.77972
580.4, 1.78015
580.6, 1.78023
580.8, 1.7804
581, 1.7798
581.2, 1.78034
581.4, 1.78053
581.6, 1.78115
581.8, 1.78137
582, 1.78164
582.2, 1.78207
582.4, 1.78229
582.6, 1.78233
582.8, 1.78263
583, 1.78348
583.2, 1.78399
583.4, 1.7828
583.6, 1.78086
583.8, 1.78116
584, 1.77973
584.2, 1.77982
584.4, 1.7798
584.6, 1.78027
584.8, 1.77911
585, 1.78038
585.2, 1.77933
585.4, 1.779
585.6, 1.7787
585.8, 1.77874
586, 1.77859
586.2, 1.77909
586.4, 1.77924
586.6, 1.77937
586.8, 1.77926
587, 1.77807
587.2, 1.77799
587.4, 1.77779
587.6, 1.77729
587.8, 1.77702
588, 1.77747
588.2, 1.77704
588.4, 1.77729
588.6, 1.77746
588.8, 1.77839
589, 1.77834
589.2, 1.77741
589.4, 1.77643
589.6, 1.77659
589.8, 1.77584
590, 1.77517
590.2, 1.77635
590.4, 1.77819
590.6, 1.77756
590.8, 1.77665
591, 1.77675
591.2, 1.77611
591.4, 1.77539
591.6, 1.77572
591.8, 1.77578
592, 1.77564
592.2, 1.7752
592.4, 1.77516
592.6, 1.77512
592.8, 1.77546
593, 1.77605
593.2, 1.77571
593.4, 1.77589
593.6, 1.77647
593.8, 1.77678
594, 1.77622
594.2, 1.77762
594.4, 1.7762
594.6, 1.77536
594.8, 1.77471
595, 1.77415
595.2, 1.7734
595.4, 1.77475
595.6, 1.77541
595.8, 1.77619
596, 1.77657
596.2, 1.77682
596.4, 1.77586
596.6, 1.77616
596.8, 1.77593
597, 1.77664
597.2, 1.77696
597.4, 1.77793
597.6, 1.77814
597.8, 1.7779
598, 1.77878
598.2, 1.778
598.4, 1.777
598.6, 1.77713
598.8, 1.77714
599, 1.77596
599.2, 1.77596
599.4, 1.77668
599.6, 1.77604
599.8, 1.7763
600, 1.77645
600.2, 1.77656
600.4, 1.77544
600.6, 1.77494
600.8, 1.77432
601, 1.7741
601.2, 1.77426
601.4, 1.77503
601.6, 1.77512
601.8, 1.77491
602, 1.77334
602.2, 1.77239
602.4, 1.7725
602.6, 1.77274
602.8, 1.77277
603, 1.77433
603.2, 1.77495
603.4, 1.77461
603.6, 1.775
603.8, 1.7757
604, 1.77524
604.2, 1.77515
604.4, 1.77586
604.6, 1.77565
604.8, 1.77577
605, 1.77594
605.2, 1.7757
605.4, 1.77535
605.6, 1.77502
605.8, 1.77446
606, 1.77535
606.2, 1.77432
606.4, 1.77378
606.6, 1.77342
606.8, 1.77308
607, 1.77243
607.2, 1.77408
607.4, 1.77331
607.6, 1.77428
607.8, 1.77569
608, 1.77468
608.2, 1.77496
608.4, 1.77618
608.6, 1.77535
608.8, 1.77408
609, 1.77313
609.2, 1.77247
609.4, 1.77142
609.6, 1.77004
609.8, 1.76889
610, 1.77019
610.2, 1.76943
610.4, 1.76981
610.6, 1.77166
610.8, 1.77377
611, 1.77379
611.2, 1.77516
611.4, 1.77514
611.6, 1.77508
611.8, 1.77386
612, 1.77432
612.2, 1.77355
612.4, 1.77418
612.6, 1.77358
612.8, 1.77402
613, 1.77364
613.2, 1.77421
613.4, 1.77348
613.6, 1.77329
613.8, 1.77387
614, 1.77395
614.2, 1.77378
614.4, 1.77378
614.6, 1.77375
614.8, 1.77373
615, 1.77323
615.2, 1.77344
615.4, 1.77381
615.6, 1.77385
615.8, 1.77294
616, 1.77218
616.2, 1.77139
616.4, 1.7703
616.6, 1.7712
616.8, 1.77209
617, 1.77264
617.2, 1.77329
617.4, 1.77407
617.6, 1.7735
617.8, 1.77294
618, 1.77221
618.2, 1.77172
618.4, 1.77264
618.6, 1.77205
618.8, 1.77226
619, 1.77282
619.2, 1.77307
619.4, 1.77168
619.6, 1.77211
619.8, 1.7716
620, 1.77174
620.2, 1.77161
620.4, 1.77199
620.6, 1.77153
620.8, 1.77157
621, 1.7705
621.2, 1.77016
621.4, 1.77152
621.6, 1.77141
621.8, 1.77155
622, 1.7733
622.2, 1.77418
622.4, 1.77295
622.6, 1.77329
622.8, 1.77333
623, 1.7728
623.2, 1.77174
623.4, 1.77176
623.6, 1.77159
623.8, 1.77212
624, 1.77068
624.2, 1.77122
624.4, 1.76963
624.6, 1.76985
624.8, 1.76878
625, 1.76954
625.2, 1.76872
625.4, 1.77016
625.6, 1.77035
625.8, 1.77106
626, 1.77248
626.2, 1.77322
626.4, 1.77215
626.6, 1.77273
626.8, 1.77185
627, 1.77076
627.2, 1.77124
627.4, 1.77252
627.6, 1.77111
627.8, 1.77243
628, 1.7732
628.2, 1.77248
628.4, 1.77259
628.6, 1.77315
628.8, 1.773
629, 1.77228
629.2, 1.77273
629.4, 1.77313
629.6, 1.77282
629.8, 1.7715
630, 1.77173
630.2, 1.77121
630.4, 1.77032
630.6, 1.77097
630.8, 1.77128
631, 1.77189
631.2, 1.7725
631.4, 1.77197
631.6, 1.77171
631.8, 1.77297
632, 1.77198
632.2, 1.77217
632.4, 1.7717
632.6, 1.77166
632.8, 1.7711
633, 1.7706
633.2, 1.77024
633.4, 1.77132
633.6, 1.77097
633.8, 1.77135
634, 1.77163
634.2, 1.77115
634.4, 1.77152
634.6, 1.77164
634.8, 1.7705
635, 1.77145
635.2, 1.77284
635.4, 1.77229
635.6, 1.77231
635.8, 1.7721
636, 1.77069
636.2, 1.769
636.4, 1.76931
636.6, 1.76943
636.8, 1.7698
637, 1.77042
637.2, 1.77064
637.4, 1.77028
637.6, 1.76999
637.8, 1.77006
638, 1.77028
638.2, 1.77111
638.4, 1.77127
638.6, 1.77121
638.8, 1.77211
639, 1.77192
639.2, 1.77095
639.4, 1.76962
639.6, 1.76975
639.8, 1.76852
640, 1.76855
640.2, 1.76858
640.4, 1.76998
640.6, 1.77016
640.8, 1.77054
641, 1.77158
641.2, 1.77194
641.4, 1.77192
641.6, 1.77206
641.8, 1.77195
642, 1.77103
642.2, 1.77172
642.4, 1.77169
642.6, 1.77165
642.8, 1.77186
643, 1.77149
643.2, 1.77082
643.4, 1.7703
643.6, 1.7699
643.8, 1.76993
644, 1.76966
644.2, 1.7695
644.4, 1.76989
644.6, 1.7696
644.8, 1.76926
645, 1.76946
645.2, 1.76931
645.4, 1.76927
645.6, 1.77006
645.8, 1.7697
646, 1.76929
646.2, 1.76976
646.4, 1.77071
646.6, 1.76976
646.8, 1.77029
647, 1.77153
647.2, 1.77126
647.4, 1.77016
647.6, 1.77169
647.8, 1.77213
648, 1.77144
648.2, 1.7715
648.4, 1.77134
648.6, 1.771
648.8, 1.77026
649, 1.77096
649.2, 1.7711
649.4, 1.77125
649.6, 1.77061
649.8, 1.77037
650, 1.76967
650.2, 1.76937
650.4, 1.76957
650.6, 1.76944
650.8, 1.76922
651, 1.77006
651.2, 1.77024
651.4, 1.76962
651.6, 1.76951
651.8, 1.7691
652, 1.76933
652.2, 1.76961
652.4, 1.77027
652.6, 1.76968
652.8, 1.77066
653, 1.76946
653.2, 1.76928
653.4, 1.76907
653.6, 1.77098
653.8, 1.77196
654, 1.77302
654.2, 1.77226
654.4, 1.77285
654.6, 1.77218
654.8, 1.77166
655, 1.77158
655.2, 1.77286
655.4, 1.77226
655.6, 1.77197
655.8, 1.77095
656, 1.77144
656.2, 1.77091
656.4, 1.77067
656.6, 1.77025
656.8, 1.77103
657, 1.76955
657.2, 1.76909
657.4, 1.76926
657.6, 1.76897
657.8, 1.76951
658, 1.7695
658.2, 1.77098
658.4, 1.77134
658.6, 1.77197
658.8, 1.77225
659, 1.77255
659.2, 1.77127
659.4, 1.77118
659.6, 1.77192
659.8, 1.77071
660, 1.77205
660.2, 1.77167
660.4, 1.77193
660.6, 1.77076
660.8, 1.77039
661, 1.76968
661.2, 1.77028
661.4, 1.76981
661.6, 1.77057
661.8, 1.7711
662, 1.77034
662.2, 1.77033
662.4, 1.77045
662.6, 1.77028
662.8, 1.77134
663, 1.77203
663.2, 1.77246
663.4, 1.77223
663.6, 1.77157
663.8, 1.76991
664, 1.76911
664.2, 1.76847
664.4, 1.7687
664.6, 1.76975
664.8, 1.77062
665, 1.77106
665.2, 1.771
665.4, 1.77137
665.6, 1.77114
665.8, 1.77046
666, 1.77078
666.2, 1.77033
666.4, 1.77089
666.6, 1.77077
666.8, 1.77078
667, 1.77121
667.2, 1.77134
667.4, 1.77
667.6, 1.77034
667.8, 1.77052
668, 1.76943
668.2, 1.77
668.4, 1.77017
668.6, 1.76981
668.8, 1.77051
669, 1.77138
669.2, 1.77146
669.4, 1.77133
669.6, 1.77146
669.8, 1.77145
670, 1.77116
670.2, 1.77111
670.4, 1.77129
670.6, 1.7718
670.8, 1.77169
671, 1.77167
671.2, 1.77015
671.4, 1.77104
671.6, 1.77081
671.8, 1.77068
672, 1.7696
672.2, 1.77082
672.4, 1.77044
672.6, 1.77091
672.8, 1.77098
673, 1.77128
673.2, 1.77216
673.4, 1.77202
673.6, 1.7723
673.8, 1.77111
674, 1.77195
674.2, 1.7717
674.4, 1.77222
674.6, 1.77097
674.8, 1.77211
675, 1.7718
675.2, 1.772
675.4, 1.77172
675.6, 1.7713
675.8, 1.77055
676, 1.77087
676.2, 1.77113
676.4, 1.77018
676.6, 1.77008
676.8, 1.77109
677, 1.77088
677.2, 1.76996
677.4, 1.77145
677.6, 1.77216
677.8, 1.77296
678, 1.77236
678.2, 1.7724
678.4, 1.77169
678.6, 1.77222
678.8, 1.77072
679, 1.77151
679.2, 1.77248
679.4, 1.77301
679.6, 1.77335
679.8, 1.77466
680, 1.77405
680.2, 1.7744
680.4, 1.77363
680.6, 1.77342
680.8, 1.77301
681, 1.77334
681.2, 1.77141
681.4, 1.77126
681.6, 1.77121
681.8, 1.77068
682, 1.77153
682.2, 1.77276
682.4, 1.77332
682.6, 1.77271
682.8, 1.77234
683, 1.77249
683.2, 1.77231
683.4, 1.77271
683.6, 1.77364
683.8, 1.77461
684, 1.77253
684.2, 1.77224
684.4, 1.77224
684.6, 1.77162
684.8, 1.77099
685, 1.77229
685.2, 1.77228
685.4, 1.77151
685.6, 1.7714
685.8, 1.7722
686, 1.77317
686.2, 1.77372
686.4, 1.77348
686.6, 1.77349
686.8, 1.77413
687, 1.77333
687.2, 1.77232
687.4, 1.7737
687.6, 1.77363
687.8, 1.77203
688, 1.77309
688.2, 1.77291
688.4, 1.77253
688.6, 1.77232
688.8, 1.77303
689, 1.77249
689.2, 1.77379
689.4, 1.77373
689.6, 1.77395
689.8, 1.77289
690, 1.77256
690.2, 1.77266
690.4, 1.77257
690.6, 1.77195
690.8, 1.77276
691, 1.77335
691.2, 1.77304
691.4, 1.77187
691.6, 1.77303
691.8, 1.77356
692, 1.77282
692.2, 1.77261
692.4, 1.77447
692.6, 1.77381
692.8, 1.7734
693, 1.77424
693.2, 1.77397
693.4, 1.77251
693.6, 1.77336
693.8, 1.7727
694, 1.77186
694.2, 1.77102
694.4, 1.77159
694.6, 1.77212
694.8, 1.7726
695, 1.77317
695.2, 1.77348
695.4, 1.77377
695.6, 1.77261
695.8, 1.77279
696, 1.77208
696.2, 1.7733
696.4, 1.77227
696.6, 1.77266
696.8, 1.77252
697, 1.77324
697.2, 1.77205
697.4, 1.7729
697.6, 1.77265
697.8, 1.77246
698, 1.77244
698.2, 1.77408
698.4, 1.77427
698.6, 1.77382
698.8, 1.77486
699, 1.77398
699.2, 1.77415
699.4, 1.77404
699.6, 1.77532
699.8, 1.7747
700, 1.77489
700.2, 1.77578
700.4, 1.77553
700.6, 1.77574
700.8, 1.77561
701, 1.7767
701.2, 1.77599
701.4, 1.77653
701.6, 1.77653
701.8, 1.7758
702, 1.77537
702.2, 1.77485
702.4, 1.77435
702.6, 1.77384
702.8, 1.77462
703, 1.77428
703.2, 1.7741
703.4, 1.77421
703.6, 1.77333
703.8, 1.77366
704, 1.77369
704.2, 1.77332
704.4, 1.77328
704.6, 1.77372
704.8, 1.77377
705, 1.77388
705.2, 1.77396
705.4, 1.77378
705.6, 1.7734
705.8, 1.77313
706, 1.77125
706.2, 1.77111
706.4, 1.77172
706.6, 1.77147
706.8, 1.77155
707, 1.77337
707.2, 1.77334
707.4, 1.77268
707.6, 1.77429
707.8, 1.77454
708, 1.77511
708.2, 1.77561
708.4, 1.77655
708.6, 1.7769
708.8, 1.77735
709, 1.77739
709.2, 1.77791
709.4, 1.77634
709.6, 1.77516
709.8, 1.7734
710, 1.77358
710.2, 1.77362
710.4, 1.77481
710.6, 1.77469
710.8, 1.77538
711, 1.77466
711.2, 1.77309
711.4, 1.77349
711.6, 1.77479
711.8, 1.77525
712, 1.77634
712.2, 1.77741
712.4, 1.77657
712.6, 1.77612
712.8, 1.77568
713, 1.77417
713.2, 1.77364
713.4, 1.77399
713.6, 1.7735
713.8, 1.77308
714, 1.77436
714.2, 1.77537
714.4, 1.775
714.6, 1.77515
714.8, 1.77678
715, 1.77599
715.2, 1.77517
715.4, 1.77493
715.6, 1.77558
715.8, 1.77463
716, 1.77425
716.2, 1.77415
716.4, 1.77461
716.6, 1.77357
716.8, 1.77377
717, 1.77393
717.2, 1.7745
717.4, 1.77434
717.6, 1.77434
717.8, 1.77477
718, 1.77664
718.2, 1.77573
718.4, 1.77531
718.6, 1.77541
718.8, 1.77456
719, 1.77318
719.2, 1.77397
719.4, 1.77479
719.6, 1.77507
719.8, 1.77562
720, 1.77604
720.2, 1.77574
720.4, 1.77615
720.6, 1.77626
720.8, 1.77596
721, 1.77609
721.2, 1.77574
721.4, 1.77502
721.6, 1.77595
721.8, 1.77526
722, 1.77459
722.2, 1.77515
722.4, 1.77511
722.6, 1.77439
722.8, 1.7752
723, 1.77535
723.2, 1.77563
723.4, 1.77683
723.6, 1.77681
723.8, 1.77654
724, 1.77593
724.2, 1.77567
724.4, 1.77509
724.6, 1.77446
724.8, 1.77519
725, 1.77476
725.2, 1.77531
725.4, 1.77496
725.6, 1.77552
725.8, 1.77418
726, 1.77574
726.2, 1.77556
726.4, 1.77595
726.6, 1.77609
726.8, 1.77589
727, 1.77522
727.2, 1.77553
727.4, 1.77474
727.6, 1.77387
727.8, 1.77398
728, 1.77499
728.2, 1.77523
728.4, 1.77561
728.6, 1.77593
728.8, 1.77664
729, 1.77585
729.2, 1.77515
729.4, 1.77528
729.6, 1.77643
729.8, 1.77606
730, 1.7758
730.2, 1.77619
730.4, 1.77581
730.6, 1.77626
730.8, 1.77727
731, 1.77781
731.2, 1.77785
731.4, 1.77855
731.6, 1.77706
731.8, 1.77601
732, 1.77517
732.2, 1.77621
732.4, 1.77603
732.6, 1.77614
732.8, 1.77704
733, 1.77768
733.2, 1.77721
733.4, 1.77685
733.6, 1.7764
733.8, 1.77586
734, 1.77567
734.2, 1.77494
734.4, 1.77635
734.6, 1.77693
734.8, 1.7771
735, 1.77645
735.2, 1.77661
735.4, 1.77636
735.6, 1.77616
735.8, 1.77714
736, 1.77879
736.2, 1.77818
736.4, 1.77828
736.6, 1.7777
736.8, 1.77654
737, 1.77464
737.2, 1.77461
737.4, 1.77397
737.6, 1.77509
737.8, 1.77479
738, 1.77636
738.2, 1.77682
738.4, 1.77599
738.6, 1.7759
738.8, 1.77596
739, 1.77528
739.2, 1.7753
739.4, 1.77675
739.6, 1.77623
739.8, 1.77733
740, 1.77743
740.2, 1.77703
740.4, 1.77549
740.6, 1.77597
740.8, 1.7764
741, 1.77606
741.2, 1.77656
741.4, 1.7765
741.6, 1.77657
741.8, 1.77522
742, 1.77591
742.2, 1.7758
742.4, 1.77656
742.6, 1.77698
742.8, 1.77704
743, 1.77694
743.2, 1.77699
743.4, 1.776
743.6, 1.77523
743.8, 1.77601
744, 1.77534
744.2, 1.77558
744.4, 1.77771
744.6, 1.77812
744.8, 1.77748
745, 1.778
745.2, 1.77753
745.4, 1.77604
745.6, 1.77592
745.8, 1.77598
746, 1.77568
746.2, 1.77594
746.4, 1.77693
746.6, 1.77563
746.8, 1.77522
747, 1.77655
747.2, 1.77752
747.4, 1.77672
747.6, 1.77765
747.8, 1.77824
748, 1.77784
748.2, 1.77692
748.4, 1.77632
748.6, 1.77704
748.8, 1.77693
749, 1.77727
749.2, 1.7768
749.4, 1.778
749.6, 1.77609
749.8, 1.77684
750, 1.77621
750.2, 1.77568
750.4, 1.77605
750.6, 1.77778
750.8, 1.77719
751, 1.77731
751.2, 1.77949
751.4, 1.7794
751.6, 1.78027
751.8, 1.78057
752, 1.78048
752.2, 1.77926
752.4, 1.77912
752.6, 1.77884
752.8, 1.77951
753, 1.77927
753.2, 1.77896
753.4, 1.77887
753.6, 1.77902
753.8, 1.77752
754, 1.77742
754.2, 1.77747
754.4, 1.77781
754.6, 1.77667
754.8, 1.77684
755, 1.77742
755.2, 1.77806
755.4, 1.77696
755.6, 1.77663
755.8, 1.77729
756, 1.77736
756.2, 1.77718
756.4, 1.77865
756.6, 1.77921
756.8, 1.77891
757, 1.778
757.2, 1.77821
757.4, 1.77719
757.6, 1.77704
757.8, 1.77744
758, 1.77853
758.2, 1.7784
758.4, 1.7781
758.6, 1.77802
758.8, 1.77858
759, 1.77773
759.2, 1.77838
759.4, 1.77897
759.6, 1.7785
759.8, 1.77831
760, 1.77823
760.2, 1.77834
760.4, 1.77827
760.6, 1.78008
760.8, 1.77938
761, 1.78039
761.2, 1.78001
761.4, 1.77965
761.6, 1.7788
761.8, 1.77883
762, 1.77888
762.2, 1.77917
762.4, 1.77998
762.6, 1.78122
762.8, 1.78164
763, 1.78075
763.2, 1.77959
763.4, 1.77943
763.6, 1.77818
763.8, 1.77774
764, 1.77811
764.2, 1.77905
764.4, 1.7796
764.6, 1.77986
764.8, 1.78067
765, 1.78122
765.2, 1.78131
765.4, 1.78071
765.6, 1.78215
765.8, 1.78184
766, 1.78241
766.2, 1.78288
766.4, 1.78287
766.6, 1.7819
766.8, 1.7815
767, 1.78005
767.2, 1.77921
767.4, 1.78065
767.6, 1.78084
767.8, 1.78105
768, 1.78117
768.2, 1.78152
768.4, 1.78032
768.6, 1.77948
768.8, 1.78
769, 1.78023
769.2, 1.78027
769.4, 1.7811
769.6, 1.78184
769.8, 1.78222
770, 1.78292
770.2, 1.78392
770.4, 1.78239
770.6, 1.78215
770.8, 1.78159
771, 1.78094
771.2, 1.78038
771.4, 1.78091
771.6, 1.78086
771.8, 1.78087
772, 1.78063
772.2, 1.77951
772.4, 1.77916
772.6, 1.77895
772.8, 1.77895
773, 1.77931
773.2, 1.77922
773.4, 1.77923
773.6, 1.77859
773.8, 1.77918
774, 1.77881
774.2, 1.77938
774.4, 1.78033
774.6, 1.7805
774.8, 1.77928
775, 1.77952
775.2, 1.77901
775.4, 1.77925
775.6, 1.78059
775.8, 1.78
776, 1.77923
776.2, 1.78049
776.4, 1.78008
776.6, 1.77946
776.8, 1.7804
777, 1.78155
777.2, 1.78155
777.4, 1.78097
777.6, 1.78125
777.8, 1.78052
778, 1.78017
778.2, 1.77925
778.4, 1.78042
778.6, 1.77942
778.8, 1.77881
779, 1.77966
779.2, 1.77955
779.4, 1.77796
779.6, 1.77859
779.8, 1.7796
780, 1.77835
780.2, 1.77762
780.4, 1.77799
780.6, 1.77882
780.8, 1.77887
781, 1.78009
781.2, 1.78175
781.4, 1.78216
781.6, 1.78135
781.8, 1.78091
782, 1.77966
782.2, 1.77938
782.4, 1.77924
782.6, 1.78026
782.8, 1.78158
783, 1.78251
783.2, 1.78244
783.4, 1.78184
783.6, 1.78232
783.8, 1.78181
784, 1.78218
784.2, 1.7823
784.4, 1.78341
784.6, 1.78196
784.8, 1.7816
785, 1.78126
785.2, 1.78042
785.4, 1.77987
785.6, 1.78118
785.8, 1.78226
786, 1.78191
786.2, 1.78262
786.4, 1.78337
786.6, 1.78292
786.8, 1.78142
787, 1.78167
787.2, 1.78252
787.4, 1.78119
787.6, 1.78135
787.8, 1.78297
788, 1.78267
788.2, 1.78186
788.4, 1.7824
788.6, 1.78165
788.8, 1.78088
789, 1.78122
789.2, 1.78111
789.4, 1.78114
789.6, 1.78195
789.8, 1.7816
